1311184772_it.streamingmedia.radiofiesole.apk,2,
9999999999999_com.townabc.townabc_tw.apk,5,
com.skyhealth.fitnessbuddyandroidfree.apk,11,
1311972971_com.menueph.ent.pinoystreamdroidradio.apk,4,
9999999999999_com.andbyte.magiccanvas.apk,3,
1311833082_com.netease.wb.apk,13,
org.coursera.android.apk,16,
1311184772_com.tmobile.moreforme.apk,4,
1312428804_com.icenta.sudoku.ui.apk,5,
9999999999999_com.aaira.poa.apk,5,
1311184772_com.mvl.lstc.apk,7,
1314646802_com.fatdivers.sexbible.apk,6,
9999999999999_com.alex.mobilekmu.apk,6,
1317675242_com.autocar.weblinkdirect.apk,2,
1313279395_com.greenleaf.android.translator.enes.a.apk,5,
1317675268_com.kth.PuddingCamera.apk,13,
1311833082_com.zlango.zms.apk,12,
1311184772_ain.nearplus.wifihill.apk,17,
1312623411_com.classifiedconcepts.app.garagesale.gtco.apk,3,
9999999999999_com.amazon.mShop.android.apk,4,
com.parrot.flowerpower.android.apk,13,
9999999999999_com.willdev.mailalert.apk,6,
9999999999999_com.rhomobile.wettenmobiel.apk,5,
1310635736_demo.galmoori.datausage.apk,13,
com.speaktoit.assistant.apk,40,
com.qbiki.bsglitea.apk,2,
9999999999999_boobdialer.free.apk,4,
9999999999999_com.telepo.mobile.android.efftel.apk,8,
9999999999999_com.tektonlabs.cpmx3.apk,4,
9999999999999_com.snaptell.mobile.client.android.apk,4,
1312428509_it.visitotuscany.apk,6,
1310178647_de.ub0r.android.smsdroid.apk,12,
com.tripadvisor.tripadvisor.apk,14,
1310726917_yuku.mp3recorder.lite.apk,5,
1311973540_com.yodesoft.android.game.yopuzzleCircus.apk,5,
9999999999999_com.casual.casualrelationships.apk,2,
1312428509_it.streamingmedia.aptbasilicata.apk,2,
9999999999999_com.autoenglish.wordplayer.leopark4_course162_demo.apk,6,
com.newhere.sidebar.apk,11,
1311184772_kynam.ime.gotiengviet.donut.apk,5,
1311184772_com.yodesoft.android.game.yopuzzleHills.apk,5,
9999999999999_com.CamGunFreeDemo.apk,7,
logos.quiz.companies.game-37.apk,3,
1311833082_com.teli.ui.apk,6,
9999999999999_com.hoodclassics.doeboi.apk,2,
1313279395_com.kazaloo.free.apk,8,
1311184772_com.yodesoft.android.game.yopuzzleChinchillas.apk,5,
1317675242_br.com.smartfingers.spreadlyrics.apk,2,
me.everything.launcher.apk,67,
1311184772_com.grupohmvictrix.recargaelmovil.apk,2,
1311973540_com.appcookr.app_kr_422.apk,7,
1311184772_es.codefactory.android.app.ma.vocalizerenudemo.apk,36,
1312623411_com.appcookr.app_kr_349.apk,7,
1311833082_com.movinapp.contactos.apk,3,
1311184772_com.yodesoft.android.game.yopuzzleCastles.apk,5,
1310726917_jp.nebusoku.tool.teledirectory.apk,6,
1310635736_com.mobilityflow.animatedweather.free.apk,8,
1311184772_com.yodesoft.android.game.yopuzzleCamels.apk,5,
1311184772_com.olsoft.sa.ntvplus.apk,5,
1311972971_com.vivaneo.tgm.apk,3,
1310635736_com.CamGunFreeDemo.apk,7,
com.google.android.youtube-2516.apk,15,
9999999999999_com.guideu.apk,5,
com.and.games505.battleislands.apk,12,
1310178647_com.rhomobile.myhumana.apk,5,
1311833082_com.yodesoft.android.game.yopuzzleKidsFreeswap.apk,5,
1317677132_jp.co.rakuten.auction.android.search.apk,3,
1000_com.yahoo.mobile.client.android.imvideo.apk,14,
1317675242_com.appcookr.app_kr_456.apk,7,
1310178647_645.apk,9,
1312428509_net.manslateresad.apk,1,
1311973540_com.yodesoft.android.game.yopuzzleAuto.apk,5,
9999999999999_com.sp.voice.apk,9,
9999999999999_com.jb.gokeyboard.apk,9,
1311761931_com.tmobile.selfhelp.apk,16,
com.avast.android.mobilesecurity-2129.apk,26,
9999999999999_com.betterandroid.betterkeyboard8.apk,5,
com.bluetornadosf.smartypants-190.apk,27,
9999999999999_com.freemytext.android.mms.apk,17,
1310726917_photo.apk,12,
9999999999999_com.appcookr.app_kr_369.apk,7,
com.booking.apk,21,
1311833082_com.schimera.webdavnavlite.apk,4,
1311973540_com.tinyvital.wxr.demo.apk,8,
1317675242_com.google.android.apps.plus.apk,35,
9999999999999_com.benox.android.softkeyboard.apk,5,
ch.smalltech.ledflashlight.free.apk,7,
1311761931_com.kazaloo.free.apk,8,
1311973540_com.yodesoft.android.game.yopuzzleCastles.apk,5,
1311973540_org.tyszecki.rozkladpkp.apk,4,
1317675268_com.icenta.sudoku.ui.apk,5,
9999999999999_com.sygic.aura.apk,13,
1311184772_com.sabkatraffic.apk,5,
1311973540_com.gpstuner.outdoornavigation.apk,10,
es.library.apk,3,
1311972971_com.scu.econtact.apk,9,
1311833031_friend.secretary.apk,8,
1312428804_com.gau.go.launcherex.gowidget.fbwidget.apk,2,
1311761931_com.l.apk,2,
1312428509_org.enate.BESTApp.apk,3,
1310178647_com.yahoo.mobile.client.android.im.apk,25,
9999999999999_com.clearmechanic.betajuly2011.apk,6,
com.cnn.cnnmoney.apk,8,
com.getsetgames.megajump-33.apk,6,
9999999999999_com.colorsplashphoto.android.apk,6,
1317675242_com.greenleaf.android.translator.enes.a.apk,6,
1311184772_com.EaseApps.islamfacts.apk,0,
1311184772_com.yodesoft.android.game.yopuzzleFlowers.apk,5,
1311833082_com.klye.ime.latin.apk,5,
9999999999999_com.classifiedconcepts.app.garagesale.demo.apk,3,
1311973540_com.yodesoft.android.game.yopuzzleSquirrels.apk,5,
1311833082_com.jb.gokeyboard.apk,9,
1311973540_com.somobi.kerrycollins.apk,2,
ch.smalltech.ledflashlight.free-138.apk,5,
9999999999999_vsin.t16_funny_photo.apk,12,
9999999999999_com.android.phone.apk,41,
9999999999999_com.postman.android.apk,4,
1317675268_com.springpad.apk,13,
9999999999999_com.autoenglish.wordplayer.leopark4_course181_demo.apk,6,
1310178647_us.lovinghut.android.apk,1,
9999999999999_com.ahorrecomparando.chistes_espanol.apk,1,
9999999999999_com.rhomobile.eprayernet.apk,4,
1311973540_com.alex.mobilekhu.apk,6,
9999999999999_com.beejive.im.fbchat.apk,16,
1314646812_com.cc.apk,19,
9999999999999_com.zlango.zms.apk,12,
1311184772_com.synnex.newage.dealersummit.activity.apk,8,
1314646802_com.mvl.nascarmb.apk,7,
9999999999999_com.google.android.marvin.talkback.apk,14,
com.thebusinessoft.vbuspro.apk,12,
9999999999999_com.loudtalks.apk,7,
9999999999999_com.codingday.app.apk,7,
1311184772_com.yodesoft.android.game.yopuzzleLemurs.apk,5,
1310178647_com.veganlosangeles.android.apk,1,
1311833031_com.qumedia.android.redWine.apk,8,
9999999999999_com.karmalabs.karmarket.apk,3,
9999999999999_com.partyflyers.clubsceneconnect.apk,2,
1310726917_com.greenleaf.android.translator.enes.a.apk,5,
1311184772_vpoint.com.vn.phongthuytuvi.apk,6,
9999999999999_com.recursionsw.cliqueit.apk,9,
1311973540_com.yodesoft.android.game.yopuzzleMaps.apk,5,
9999999999999_com.backma386.puzzle.apk,4,
com.rayark.Cytus.full.apk,10,
com.appsbuilder478419.apk,16,
1311184772_com.milanoappnews.milanonews.apk,2,
